{
  "model_name": "svr",
  "val_mae": 19.12591021658709,
  "selected_at": 1767303813.131189
}