{
  "svr": {
    "metrics": {
      "train_mae": 9.819398881066407,
      "train_rmse": 94.60085051910316,
      "train_mse": 8949.320918937701,
      "train_r2": 0.07513140592414835,
      "train_mape": 57.25345230675697,
      "val_mae": 19.12591021658709,
      "val_rmse": 54.01977667077886,
      "val_mse": 2918.1362715608243,
      "val_r2": -0.08083662937185654,
      "val_mape": 1176.9697647125486
    },
    "training_time": 0.09115386009216309,
    "trained_at": 1764268432.173929,
    "samples_count": 707
  },
  "random_forest": {
    "metrics": {
      "train_mae": 10.172878324868423,
      "train_rmse": 41.3354998164744,
      "train_mse": 1708.6235450777554,
      "train_r2": 0.8739213080816052,
      "train_mape": 731.1156868694184,
      "val_mae": 21.708035928542177,
      "val_rmse": 43.6397684714605,
      "val_mse": 1904.4293922426777,
      "val_r2": -4.05901227653079,
      "val_mape": 2032.6745762028863
    },
    "training_time": 0.490206241607666,
    "trained_at": 1764609555.8488002,
    "samples_count": 1900
  },
  "xgboost": {
    "metrics": {
      "train_mae": 21.588785638905314,
      "train_rmse": 62.084397929002485,
      "train_mse": 3854.472466206728,
      "train_r2": 0.7155799193012418,
      "train_mape": 1803.6713451366413,
      "val_mae": 24.336792962353307,
      "val_rmse": 44.62347643392563,
      "val_mse": 1991.254649049116,
      "val_r2": -4.289658811333241,
      "val_mape": 2552.919851522143
    },
    "training_time": 15.12332534790039,
    "trained_at": 1764609571.3241718,
    "samples_count": 1900
  }
}